{"cameraMode":{"drawMode":0,"name":"Shaded","section":"Shading Mode"},"sceneLighting":false,"audioPlay":false,"sceneViewState":{"showFog":true,"showMaterialUpdate":false,"showSkybox":false,"showFlares":true,"showImageEffects":true,"showParticleSystems":true},"in2DMode":false,"pivot":{"x":0.0,"y":0.6000000238418579,"z":50.13124465942383},"rotation":{"x":0.0858270525932312,"y":0.2742951214313507,"z":-0.024586698040366174,"w":0.9574931859970093},"size":1.1660254001617432,"orthographic":false}