{"cameraMode":{"drawMode":0,"name":"Shaded","section":"Shading Mode"},"sceneLighting":false,"audioPlay":false,"sceneViewState":{"showFog":true,"showMaterialUpdate":false,"showSkybox":false,"showFlares":true,"showImageEffects":true,"showParticleSystems":true},"in2DMode":false,"pivot":{"x":-105.22257995605469,"y":-52.97554016113281,"z":100.5228271484375},"rotation":{"x":-0.22688840329647065,"y":0.7715555429458618,"z":-0.39143893122673037,"w":-0.44721612334251406},"size":10.0,"orthographic":false}