{"cameraMode":{"drawMode":0,"name":"Shaded","section":"Shading Mode"},"sceneLighting":false,"audioPlay":false,"sceneViewState":{"showFog":true,"showMaterialUpdate":false,"showSkybox":false,"showFlares":true,"showImageEffects":true,"showParticleSystems":true},"in2DMode":false,"pivot":{"x":-1.1970405578613282,"y":16.695228576660158,"z":4.256196022033691},"rotation":{"x":0.008359854109585286,"y":0.991445004940033,"z":-0.10147938132286072,"w":0.08167482167482376},"size":17.756519317626954,"orthographic":false}