{"cameraMode":{"drawMode":0,"name":"Shaded","section":"Shading Mode"},"sceneLighting":false,"audioPlay":false,"sceneViewState":{"showFog":true,"showMaterialUpdate":false,"showSkybox":false,"showFlares":true,"showImageEffects":true,"showParticleSystems":true},"in2DMode":false,"pivot":{"x":-0.7297239303588867,"y":10.82691764831543,"z":0.08626747131347656},"rotation":{"x":-0.2382611185312271,"y":0.5834989547729492,"z":-0.1843407154083252,"w":-0.754177987575531},"size":16.34709358215332,"orthographic":false}